Elapsed Time (s),Frequency (Hz),S11 (dB),S21 (dB),OBJ,Height (m)
0.48215770721435547,2000000000.0,-27.593313486943572,-2.7344978210308266,NO,1.3
0.9637024402618408,2000000000.0,-38.64224820999428,11.839722708789006,NO,1.3
1.433551549911499,2000000000.0,-42.296976150527684,12.216792636950151,NO,1.3
1.9141626358032227,2000000000.0,-41.501068798834744,12.124097208869443,NO,1.3
2.3865931034088135,2000000000.0,-40.23879089221849,12.102720494191042,NO,1.3
2.8675832748413086,2000000000.0,-33.23367957511235,12.204218574855176,NO,1.3
3.3557965755462646,2000000000.0,-32.17187505919351,12.567018179621972,NO,1.3
3.835249185562134,2000000000.0,-34.14495274844931,12.364656446278007,NO,1.3
4.322133541107178,2000000000.0,-34.75785301810161,12.162167200196132,NO,1.3
