Elapsed Time (s),Frequency (Hz),S11 (dB),S21 (dB),OBJ,Height (m)
0.5080373287200928,2000000000.0,-41.674119981000345,-7.430244785206531,NO,0.0
0.9840865135192871,2000000000.0,-44.84528984622007,-11.166360493354226,NO,0.0
1.4595637321472168,2000000000.0,-45.08785321699744,-10.867257562432982,NO,0.0
1.932161569595337,2000000000.0,-44.33976655187315,-10.099154020050154,NO,0.0
2.4249494075775146,2000000000.0,-42.12421858378324,-10.083415238525507,NO,0.0
